	fusion_id	softclip_ID	chr1	bpt1	chr2	bpt2	softclip_sequence	gene_1	start_1	end_1	gene_2	start_2	end_2	feature
0	10082	10082_1_1	1	8676307	1	8676980	TCCTCCACCTTTCGTGGATAAATATATGGCCCATT	AT1G24470	8673914	8676408	AT1G24480	8676360	8677228	Intra
1	10082	10082_1_10	1	8676296	1	8676980	TATTCTTTTGCTCCTCCACCTTTCGTGGATAAATATATGGCCCATT	AT1G24470	8673914	8676408	AT1G24480	8676360	8677228	Intra
2	10082	10082_1_11	1	8676316	1	8676980	TTTCGTGGATAAATATATGGCCCATT	AT1G24470	8673914	8676408	AT1G24480	8676360	8677228	Intra
3	10105	10105_2_50	3	16046501	3	16220883	GATCATTATGTTCGTCCCTGATGACAATTTCTACACT	AT3G44400	16044662	16049803	AT3G44670	16216806	16221722	Intra
4	10105	10105_2_51	3	16046501	3	16220883	GATCATTATGTTCGTCCCTGATGACAATTTCTACACT	AT3G44400	16044662	16049803	AT3G44670	16216806	16221722	Intra
5	10105	10105_2_9	3	16046453	3	16220971	CTATATGCTCTGTT	AT3G44400	16044662	16049803	AT3G44670	16216806	16221722	Intra
6	10108	10108_1_32	3	21342937	5	24615871	AGATTCATCTGTAGTGCCTTCTTTTGATTCTATTAGTGTAAGACAAGCT	AT3G57630	21339274	21343965	AT5G61190	24615253	24620053	Inter
7	10108	10108_2_18	3	21342984	5	24615843	ATGAATCTAGGACGAATACATAACTAATA	AT3G57630	21339274	21343965	AT5G61190	24615253	24620053	Inter
8	10108	10108_2_19	3	21342984	5	24615843	ATGAATCTAGGACGAATACATAACTAATA	AT3G57630	21339274	21343965	AT5G61190	24615253	24620053	Inter
